-- phpMyAdmin SQL Dump
-- version 4.8.4
-- https://www.phpmyadmin.net/
--
-- Host: 127.0.0.1
-- Generation Time: Apr 29, 2019 at 02:32 PM
-- Server version: 10.1.37-MariaDB
-- PHP Version: 7.3.1

SET SQL_MODE = "NO_AUTO_VALUE_ON_ZERO";
SET AUTOCOMMIT = 0;
START TRANSACTION;
SET time_zone = "+00:00";


/*!40101 SET @OLD_CHARACTER_SET_CLIENT=@@CHARACTER_SET_CLIENT */;
/*!40101 SET @OLD_CHARACTER_SET_RESULTS=@@CHARACTER_SET_RESULTS */;
/*!40101 SET @OLD_COLLATION_CONNECTION=@@COLLATION_CONNECTION */;
/*!40101 SET NAMES utf8mb4 */;

--
-- Database: `myproject`
--

-- --------------------------------------------------------

--
-- Table structure for table `belongto`
--

CREATE TABLE `belongto` (
  `startDate` date NOT NULL,
  `statusEmp` varchar(45) COLLATE utf8_unicode_ci NOT NULL COMMENT 'ลาออก/ยังทำงานอยู่',
  `empID` int(5) NOT NULL,
  `deptID` int(5) NOT NULL
) ENGINE=InnoDB DEFAULT CHARSET=utf8 COLLATE=utf8_unicode_ci;

--
-- Dumping data for table `belongto`
--

INSERT INTO `belongto` (`startDate`, `statusEmp`, `empID`, `deptID`) VALUES
('2019-04-01', 'ปกติ', 4, 3),
('2019-03-01', 'ปกติ', 1, 4);

-- --------------------------------------------------------

--
-- Table structure for table `bills`
--

CREATE TABLE `bills` (
  `billID` int(5) NOT NULL,
  `billsDate` timestamp NOT NULL DEFAULT CURRENT_TIMESTAMP ON UPDATE CURRENT_TIMESTAMP,
  `bill_totalPrice` int(5) NOT NULL,
  `OrderID` char(5) COLLATE utf8_unicode_ci NOT NULL
) ENGINE=InnoDB DEFAULT CHARSET=utf8 COLLATE=utf8_unicode_ci;

--
-- Dumping data for table `bills`
--

INSERT INTO `bills` (`billID`, `billsDate`, `bill_totalPrice`, `OrderID`) VALUES
(1, '2019-04-28 16:04:47', 170, 'OR001'),
(2, '2019-04-28 16:41:00', 40, 'OR002'),
(3, '2019-04-28 16:41:08', 40, 'OR002'),
(4, '2019-04-28 16:48:44', 40, 'OR002'),
(5, '2019-04-28 16:48:47', 40, 'OR002'),
(6, '2019-04-28 16:49:03', 40, 'OR002'),
(7, '2019-04-28 16:49:41', 40, 'OR002'),
(8, '2019-04-28 16:49:45', 40, 'OR002'),
(9, '2019-04-28 16:50:57', 40, 'OR002'),
(10, '2019-04-28 16:51:02', 40, 'OR002'),
(11, '2019-04-28 16:54:22', 40, 'OR002'),
(12, '2019-04-28 16:56:41', 40, 'OR002'),
(13, '2019-04-28 16:56:44', 40, 'OR002'),
(14, '2019-04-28 16:57:10', 40, 'OR002'),
(15, '2019-04-28 16:57:13', 40, 'OR002'),
(16, '2019-04-28 16:58:10', 40, 'OR002'),
(17, '2019-04-28 17:35:10', 35200, 'OR003'),
(18, '2019-04-28 17:35:17', 35200, 'OR003'),
(19, '2019-04-28 17:35:23', 35200, 'OR003'),
(20, '2019-04-28 17:35:51', 35200, 'OR003'),
(21, '2019-04-28 21:12:34', 170, 'OR001'),
(22, '2019-04-28 21:13:17', 170, 'OR001'),
(23, '2019-04-28 21:14:32', 170, 'OR001'),
(24, '2019-04-28 21:14:38', 170, 'OR001'),
(25, '2019-04-29 02:52:21', 1980, 'OR008'),
(26, '2019-04-29 02:52:30', 1980, 'OR008'),
(27, '2019-04-29 02:52:36', 1980, 'OR008'),
(28, '2019-04-29 02:52:41', 1980, 'OR008'),
(29, '2019-04-29 03:00:39', 1980, 'OR008'),
(30, '2019-04-29 03:01:04', 1980, 'OR008'),
(31, '2019-04-29 03:01:25', 1980, 'OR008'),
(32, '2019-04-29 03:01:54', 1980, 'OR008'),
(33, '2019-04-29 03:01:58', 1980, 'OR008'),
(34, '2019-04-29 03:07:43', 1980, 'OR008'),
(35, '2019-04-29 03:08:11', 1980, 'OR008'),
(36, '2019-04-29 03:08:17', 1980, 'OR008'),
(37, '2019-04-29 04:58:32', 210, 'OR002'),
(38, '2019-04-29 04:58:42', 210, 'OR002');

-- --------------------------------------------------------

--
-- Table structure for table `cart_new`
--

CREATE TABLE `cart_new` (
  `cus_ID` int(5) NOT NULL,
  `munu_ID` int(5) NOT NULL,
  `quantity` int(2) NOT NULL
) ENGINE=InnoDB DEFAULT CHARSET=utf8 COLLATE=utf8_unicode_ci;

--
-- Dumping data for table `cart_new`
--

INSERT INTO `cart_new` (`cus_ID`, `munu_ID`, `quantity`) VALUES
(6, 2, 2),
(6, 26, 5),
(14, 2, 4),
(14, 4, 1),
(14, 62, 4),
(16, 3, 4),
(16, 6, 5),
(16, 180, 1),
(17, 24, 10);

-- --------------------------------------------------------

--
-- Table structure for table `customer`
--

CREATE TABLE `customer` (
  `cusID` int(5) NOT NULL,
  `cusTel` char(10) COLLATE utf8_unicode_ci NOT NULL,
  `cusAddress` varchar(100) COLLATE utf8_unicode_ci NOT NULL,
  `firstName` varchar(45) COLLATE utf8_unicode_ci NOT NULL,
  `lastName` varchar(45) COLLATE utf8_unicode_ci NOT NULL,
  `cusUsername` varchar(45) COLLATE utf8_unicode_ci NOT NULL,
  `cusPassword` varchar(18) COLLATE utf8_unicode_ci NOT NULL,
  `cusEmail` varchar(45) COLLATE utf8_unicode_ci NOT NULL,
  `IsAdmin` int(1) NOT NULL
) ENGINE=InnoDB DEFAULT CHARSET=utf8 COLLATE=utf8_unicode_ci;

--
-- Dumping data for table `customer`
--

INSERT INTO `customer` (`cusID`, `cusTel`, `cusAddress`, `firstName`, `lastName`, `cusUsername`, `cusPassword`, `cusEmail`, `IsAdmin`) VALUES
(1, '0614578931', 'SC/KKU', 'ni', 'tha', 'ni', '123', 'ni@hotmail.com', 1),
(2, '013264', '455', '455', '45', 'in', '321', '44', 0),
(3, '0969959396', 'KKU', 'kudo', 'shinichi', 'kudoshinichi', '1112', 'mee_love60222@hotmail.com', 0),
(4, '043202115', 'ร้าน Jazz house (หลังหออินเตอร์) ที่อยู่ร้าน 945 ตำบลศิลา อำเภอเมือง จังหวัดขอนแก่น 40000', 'Jazz ', 'House', 'Table01', '11111111', 'Jazz_House@gmail.com', 0),
(5, '043-202115', 'ร้าน Jazz house (หลังหออินเตอร์) ที่อยู่ร้าน 945 ตำบลศิลา อำเภอเมือง จังหวัดขอนแก่น 40000', 'Jazz ', 'House', 'Table02', '22222222', 'Jazz_House@gmail.com', 0),
(6, '043202115', 'ร้าน Jazz house (หลังหออินเตอร์) ที่อยู่ร้าน 945 ตำบลศิลา อำเภอเมือง จังหวัดขอนแก่น 40000\r\n', ' Jazz', 'House', 'Table03', '33333333', 'Jazz_House@gmail.com', 0),
(7, '043202115', 'ร้าน Jazz house (หลังหออินเตอร์) ที่อยู่ร้าน 945 ตำบลศิลา อำเภอเมือง จังหวัดขอนแก่น 40000', 'Jazz ', 'House', 'Table04', '44444444', 'Jazz_House@gmail.com', 0),
(8, '043202115', 'ร้าน Jazz house (หลังหออินเตอร์) ที่อยู่ร้าน 945 ตำบลศิลา อำเภอเมือง จังหวัดขอนแก่น 40000', 'Jazz', ' House', 'Table05', '55555555', 'Jazz_House@gmai.aom', 0),
(9, '043202115', 'ร้าน Jazz house (หลังหออินเตอร์) ที่อยู่ร้าน 945 ตำบลศิลา อำเภอเมือง จังหวัดขอนแก่น 40000', 'Jazz', 'House', 'Table06', '66666666', 'Jazz_House@gmail.com', 0),
(10, '043-202115', 'ร้าน Jazz house (หลังหออินเตอร์) ที่อยู่ร้าน 945 ตำบลศิลา อำเภอเมือง จังหวัดขอนแก่น 40000', 'Jazz', ' House', 'Table07', '77777777', 'Jazz_House@gamil.com', 0),
(11, '043202115', 'ร้าน Jazz house (หลังหออินเตอร์) ที่อยู่ร้าน 945 ตำบลศิลา อำเภอเมือง จังหวัดขอนแก่น 40000', 'Jazz', ' House', 'Table08', '88888888', 'Jazz_House@gmail.com', 0),
(12, '043202115', 'ร้าน Jazz house (หลังหออินเตอร์) ที่อยู่ร้าน 945 ตำบลศิลา อำเภอเมือง จังหวัดขอนแก่น 40000', 'Jazz', 'House', 'Table09', '99999999', 'Jazz_House@g.com', 0),
(13, '089979745', 'KKU\r\n', 'suoa', 'saenp', 'un_un', 'auau', 'supa_porn@gmail.com', 0),
(14, '0914673016', 'KKU/SC\r\n', 'erza', 'scarlet', 'erza', '123456', 'erza@hotmail.com', 0),
(15, '0872483513', 'CUTU', 'aek', 'aek', 'counter', 'counter', 'aek@gmail.com', 0),
(16, '0213456789', 'KKU', 'aeka', 'aeka', 'aeka', 'aeka', 'aeka@gmail.com', 0),
(17, '0321654789', 'KKU\r\n', 'po', 'po', 'po', 'po', 'po@hotmail.com', 0),
(18, '0123456789', 'CS/KKU', 'kapom', 'tori', 'kapom', '1234', 'kapom@hotmail.com', 0);

-- --------------------------------------------------------

--
-- Table structure for table `departments`
--

CREATE TABLE `departments` (
  `deptID` int(5) NOT NULL,
  `deptName` varchar(45) COLLATE utf8_unicode_ci NOT NULL
) ENGINE=InnoDB DEFAULT CHARSET=utf8 COLLATE=utf8_unicode_ci;

--
-- Dumping data for table `departments`
--

INSERT INTO `departments` (`deptID`, `deptName`) VALUES
(1, 'chef '),
(2, 'waitress'),
(3, 'counter'),
(4, 'admin');

-- --------------------------------------------------------

--
-- Table structure for table `employees`
--

CREATE TABLE `employees` (
  `empID` int(5) NOT NULL,
  `fistNameEmp` varchar(45) COLLATE utf8_unicode_ci NOT NULL,
  `lastNameEmp` varchar(45) COLLATE utf8_unicode_ci NOT NULL,
  `empTel` char(10) COLLATE utf8_unicode_ci NOT NULL,
  `empAddress` varchar(100) COLLATE utf8_unicode_ci NOT NULL,
  `typeEmp` varchar(45) COLLATE utf8_unicode_ci NOT NULL,
  `empPassword` varchar(18) COLLATE utf8_unicode_ci NOT NULL
) ENGINE=InnoDB DEFAULT CHARSET=utf8 COLLATE=utf8_unicode_ci;

--
-- Dumping data for table `employees`
--

INSERT INTO `employees` (`empID`, `fistNameEmp`, `lastNameEmp`, `empTel`, `empAddress`, `typeEmp`, `empPassword`) VALUES
(1, 'Onanong', 'Thawongsri', '0969959396', 'KKU', 'Full Time', 'addmin'),
(2, 'Wassana', 'Thaprabmart', '0885865145', 'MSU', 'Part Time', ''),
(3, 'Nontawat', 'Prathumma', '0959386756', 'TU', 'Full Time', ''),
(4, 'Amonsap ', 'Saenprasit', '0927974545', 'CU', 'Full Time', '12345'),
(5, 'Nitchakarn', 'Ponharn', '0914673026', 'KU', 'Full Time', ''),
(6, 'Parameth', 'Thongkonta', '0941627846', 'SUT', 'Part Time', ''),
(7, 'Arissara', 'Rachpongkhan', '0992077288', 'TU', 'Part Time', ''),
(8, 'Wipawee', 'Takkratok', '0844049844', 'CU', 'Part Time', ''),
(9, 'Apiwat', 'Thawongsri', '0637377338', 'KU', 'Part Time', ''),
(10, 'Piyatida', 'Kongnang', '0611107101', 'KKU', 'Part Time', '');

-- --------------------------------------------------------

--
-- Table structure for table `menucatalogs`
--

CREATE TABLE `menucatalogs` (
  `menucatalog_id` int(5) NOT NULL,
  `menucatalog_name` varchar(45) COLLATE utf8_unicode_ci NOT NULL
) ENGINE=InnoDB DEFAULT CHARSET=utf8 COLLATE=utf8_unicode_ci;

--
-- Dumping data for table `menucatalogs`
--

INSERT INTO `menucatalogs` (`menucatalog_id`, `menucatalog_name`) VALUES
(1, 'เค้ก&เบเกอรี่(Cakes)'),
(2, 'Topping'),
(3, 'แยม(Yam)'),
(4, 'เครื่องดื่ม(Drink)'),
(5, 'ชา(Tea)'),
(6, 'กาแฟรสพิเศษ(Special Fravour)'),
(7, 'ช็อคโกแลต(Chocoiate)'),
(8, 'สมูธตี้(Smoothies)'),
(9, 'อิตาเลียนโซดา(Italian Soda)'),
(10, 'ชาอังกฤษ(English Tea)'),
(11, 'กาแฟสด(Coffee Menu)'),
(12, 'นม(Milk)'),
(13, 'อาหารจานเดียว(One dish serve)'),
(14, 'สเต็ก(Steak)'),
(15, 'สลัด(Salad)'),
(16, 'สปาเก็ตตี้(Spaghetti)'),
(17, 'ผัด(Stir fried)'),
(18, 'ต้ม(Tom)'),
(19, 'ยำ(Spice and Sour/Yum)'),
(20, 'อาหารว่าง(Snacks)'),
(21, 'ซุป(Soup)'),
(22, 'บาร์บีคิว(BBQ)'),
(23, 'เมนูใหม่(Additional New Menu)'),
(24, 'Promotion');

-- --------------------------------------------------------

--
-- Table structure for table `menus`
--

CREATE TABLE `menus` (
  `Menu_Id` int(5) NOT NULL,
  `Menu_Name_Tha` varchar(100) COLLATE utf8_unicode_ci NOT NULL,
  `Menu_Name_Eng` varchar(100) COLLATE utf8_unicode_ci NOT NULL,
  `Menu_Price` float(10,2) NOT NULL,
  `Menu_Statu` varchar(45) COLLATE utf8_unicode_ci NOT NULL,
  `Menu_Imge` varchar(2000) COLLATE utf8_unicode_ci NOT NULL,
  `Menu_Catalog` int(5) NOT NULL COMMENT 'form key catalog',
  `Menu_Promotion` int(5) DEFAULT NULL COMMENT 'form key pomotion',
  `Menu_Department` int(5) DEFAULT NULL COMMENT 'form key department'
) ENGINE=InnoDB DEFAULT CHARSET=utf8 COLLATE=utf8_unicode_ci;

--
-- Dumping data for table `menus`
--

INSERT INTO `menus` (`Menu_Id`, `Menu_Name_Tha`, `Menu_Name_Eng`, `Menu_Price`, `Menu_Statu`, `Menu_Imge`, `Menu_Catalog`, `Menu_Promotion`, `Menu_Department`) VALUES
(1, 'เครปเค้ก', 'Crepe cake', 60.00, 'Out Of Stock', 'https://images.unsplash.com/photo-1505253149613-112d21d9f6a9?ixlib=rb-1.2.1&ixid=eyJhcHBfaWQiOjEyMDd9&auto=format&fit=crop&w=300&h=200&q=80', 1, NULL, NULL),
(2, 'นิวยอร์กซีส', 'NY cheese', 60.00, 'In Stock', 'https://images.unsplash.com/photo-1553343682-4ae306b3ad4d?ixlib=rb-1.2.1&ixid=eyJhcHBfaWQiOjEyMDd9&auto=format&fit=crop&w=331&h=220&q=80', 1, NULL, NULL),
(3, 'โอริโอชีส', 'Oreo Cheese', 60.00, 'In Stock', 'https://media.istockphoto.com/photos/cookies-and-cream-cheesecake-picture-id841207198?b=1&k=6&m=841207198&s=170667a&w=0&h=5nXw02TZXCJ71EdPCQdx3UlYCzkqQR6NXWqXXLV6_As=', 1, NULL, NULL),
(4, 'บราวนี่ชีส', 'Brownie cheese', 60.00, 'In Stock', 'https://images.unsplash.com/photo-1515037893149-de7f840978e2?ixlib=rb-1.2.1&ixid=eyJhcHBfaWQiOjEyMDd9&auto=format&fit=crop&w=340&h=220&q=80', 1, NULL, NULL),
(5, 'แดงกำหยี่', 'Red velvet', 55.00, 'In Stock', 'https://media.istockphoto.com/photos/red-velvet-cake-picture-id485832764?b=1&k=6&m=485832764&s=170667a&w=0&h=AnzI_iMlJsoIfCn0jxMb6XWLkyO2LPo2cGSlyThfYzk=', 1, NULL, NULL),
(6, 'มูสชาเขียวถั่วแดง', 'Red Bean Green Tea Mousse', 85.00, 'In Stock', 'https://media.istockphoto.com/photos/green-tea-mousse-picture-id469159787?b=1&k=6&m=469159787&s=170667a&w=0&h=d02GxV5-g7GmIkvyySWP73pmA0CEW-BA3J0DOXEjqjk=', 1, NULL, NULL),
(7, 'บราวนี่', 'Brownie', 40.00, 'In Stock', 'https://images.unsplash.com/photo-1461009312844-e80697a81cc7?ixlib=rb-1.2.1&auto=format&fit=crop&w=300&h=200&q=80', 1, NULL, NULL),
(8, 'ทิรามิสุ', 'Tiramisu', 75.00, 'In Stock', 'https://images.unsplash.com/photo-1511282964533-7f0c3c1f555a?ixlib=rb-1.2.1&auto=format&fit=crop&w=1050&q=80', 1, NULL, NULL),
(9, 'ชีสมะม่วง', 'Mango Cheese', 75.00, 'In Stock', 'https://images.unsplash.com/photo-1509461399763-ae67a981b254?ixlib=rb-1.2.1&auto=format&fit=crop&w=1055&q=80', 1, NULL, NULL),
(10, 'ฟรุตเค้ก', 'Fruit cake', 60.00, 'In Stock', 'https://images.unsplash.com/photo-1537029415773-e79d5d8e68d3?ixlib=rb-1.2.1&ixid=eyJhcHBfaWQiOjEyMDd9&auto=format&fit=crop&w=1050&q=80', 1, NULL, NULL),
(11, 'โอเปราเค้ก', 'Opera cake', 110.00, 'In Stock', 'https://media.istockphoto.com/photos/opera-cake-picture-id537213717?b=1&k=6&m=537213717&s=170667a&w=0&h=Nl93WY6SilEvO9LWYy_8YBy_xSPSQT1wVmvcSZc-800=', 1, NULL, NULL),
(12, 'ฮันนี่โทส', 'Honey Toast + lce cream', 125.00, 'In Stock', 'https://images.unsplash.com/photo-1521962347155-662d077f81e9?ixlib=rb-1.2.1&ixid=eyJhcHBfaWQiOjEyMDd9&auto=format&fit=crop&w=1050&q=80', 1, NULL, NULL),
(13, 'ขนมปังปิ้งเนยนม', 'Toast with Condensed Milk', 25.00, 'In Stock', 'https://media.istockphoto.com/photos/man-eating-thick-butter-bread-toast-with-high-calories-in-the-coffee-picture-id1057433618?b=1&k=6&m=1057433618&s=170667a&w=0&h=_zr04Vt8BA-a9_3AQysoiv6pqudqn50jqZg7RC332kk=', 1, NULL, NULL),
(14, 'ขนมปังปิ้งเนยน้ำผึ้ง', 'Toast with Honey Butter', 30.00, 'In Stock', 'https://images.unsplash.com/photo-1536324762102-03fb134324ce?ixlib=rb-1.2.1&ixid=eyJhcHBfaWQiOjEyMDd9&auto=format&fit=crop&w=300&h=200&q=80', 1, NULL, NULL),
(15, 'สตอรเบอร์รี่', 'strawberry', 15.00, 'In Stock', 'https://images.unsplash.com/photo-1546549189-b8339a035164?ixlib=rb-1.2.1&ixid=eyJhcHBfaWQiOjEyMDd9&auto=format&fit=crop&w=334&h=220&q=80', 2, NULL, NULL),
(16, 'กีวี่', 'Kiwi', 15.00, 'In Stock', 'https://images.unsplash.com/photo-1521997888043-aa9c827744f8?ixlib=rb-1.2.1&ixid=eyJhcHBfaWQiOjEyMDd9&auto=format&fit=crop&w=1050&q=80', 2, NULL, NULL),
(17, 'แอปเปิ้ล', 'Apple', 15.00, 'In Stock', 'https://images.unsplash.com/photo-1537283963865-f825e1ea7e21?ixlib=rb-1.2.1&ixid=eyJhcHBfaWQiOjEyMDd9&auto=format&fit=crop&w=750&q=80', 2, NULL, NULL),
(18, 'กล้วย', 'banana', 15.00, 'In Stock', 'https://images.unsplash.com/photo-1526364163643-89e30b8fcb70?ixlib=rb-1.2.1&ixid=eyJhcHBfaWQiOjEyMDd9&auto=format&fit=crop&w=1050&q=80', 2, NULL, NULL),
(19, 'วิปปิ้งครีม', 'whipped cream', 15.00, 'In Stock', 'https://images.unsplash.com/photo-1482623167695-c6268f3eb9b3?ixlib=rb-1.2.1&auto=format&fit=crop&w=334&h=150&q=80', 2, NULL, NULL),
(20, 'แยมสตอรเบอร์รี่', 'Jam strawberry', 10.00, 'In Stock', 'https://images.unsplash.com/photo-1468577760773-139c2f1c335f?ixlib=rb-1.2.1&ixid=eyJhcHBfaWQiOjEyMDd9&auto=format&fit=crop&w=1050&q=80', 3, NULL, NULL),
(21, 'แยมบูลเบอร์รี่', 'Jam Blueberry', 10.00, 'In Stock', 'https://images.unsplash.com/photo-1532038331778-7f22c2594ec1?ixlib=rb-1.2.1&ixid=eyJhcHBfaWQiOjEyMDd9&auto=format&fit=crop&w=334&h=220&q=80', 3, NULL, NULL),
(22, 'แยมวนิลา', 'Jam Vanilla', 10.00, 'In Stock', 'https://media.istockphoto.com/photos/homemade-vanilla-custard-pudding-picture-id1020755914?b=1&k=6&m=1020755914&s=170667a&w=0&h=h99jwZT-J2JCM78jR5mgdOjAjjTeqiIjyxpmAQOh0KM=', 3, NULL, NULL),
(23, 'แยมช็อกโกแลต', 'Jam Chocolate', 10.00, 'In Stock', 'https://media.istockphoto.com/photos/chocolate-spread-picture-id601919398?b=1&k=6&m=601919398&s=170667a&w=0&h=RMCAGImH94fHKK5HJDZlcSd2CHMadnVe7hZMwh1cUAo=', 3, NULL, NULL),
(24, 'น้ำแข็งถังเล็ก', 'Ice small', 10.00, 'In Stock', 'https://images.unsplash.com/photo-1545666214-511dabe23fc2?ixlib=rb-1.2.1&ixid=eyJhcHBfaWQiOjEyMDd9&auto=format&fit=crop&w=300&h=200&q=80', 4, NULL, NULL),
(25, 'น้ำแข็งถังใหญ่', 'Ice Big', 30.00, 'In Stock', 'https://media.istockphoto.com/photos/drink-picture-id904153948?b=1&k=6&m=904153948&s=170667a&w=0&h=zKHiaw5TkNxBE5oGQZrDIk86I1mm37Onf-N9HhFgbrQ=', 4, NULL, NULL),
(26, 'น้ำดื่มสิงห์', 'Singha Drinking Water', 10.00, 'In Stock', 'https://images.unsplash.com/photo-1523362628745-0c100150b504?ixlib=rb-1.2.1&ixid=eyJhcHBfaWQiOjEyMDd9&auto=format&fit=crop&w=300&h=200&q=80', 4, NULL, NULL),
(27, 'น้ำอัดลม', 'Soft Drink', 15.00, 'In Stock', 'https://images.unsplash.com/photo-1527960471264-932f39eb5846?ixlib=rb-1.2.1&ixid=eyJhcHBfaWQiOjEyMDd9&auto=format&fit=crop&w=300&h=200&q=60', 4, NULL, NULL),
(28, 'ชาเขียวนม(ปั่น)', 'Green Tea Milk(Frappe)', 50.00, 'In Stock', 'https://images.unsplash.com/photo-1545018595-cc0575fba174?ixlib=rb-1.2.1&ixid=eyJhcHBfaWQiOjEyMDd9&auto=format&fit=crop&w=300&h=210&q=80', 5, NULL, NULL),
(29, 'ชาเนสที(ปั่น)', 'Nestea(Frappe)', 50.00, 'In Stock', 'https://www.foodiesfeed.com/wp-content/uploads/2015/07/a-cup-of-tea-with-a-book-1-349x233.jpg', 5, NULL, NULL),
(30, 'กาแฟไอริช(ร้อน)', 'lrish Coffee(Hot)', 50.00, 'In Stock', 'https://images.unsplash.com/photo-1549057219-0c0be1287566?ixlib=rb-1.2.1&ixid=eyJhcHBfaWQiOjEyMDd9&auto=format&fit=crop&w=300&h=200&q=80', 6, NULL, NULL),
(31, 'ชาเขียวนม(เย็น)', 'Green Tea Milk(Iced)', 45.00, 'In Stock', 'https://images.unsplash.com/photo-1529474944862-bf4949bd2f1a?ixlib=rb-1.2.1&ixid=eyJhcHBfaWQiOjEyMDd9&auto=format&fit=crop&w=300&h220&q=80', 5, NULL, NULL),
(32, 'ชาเนสที(เย็น)', 'Nestea(Iced)', 45.00, 'In Stock', 'https://www.foodiesfeed.com/wp-content/uploads/2019/03/iced-black-coffee-349x233.jpg', 5, NULL, NULL),
(33, 'ชามะนาว(เย็น)', 'Lemon ice tea (Iced)', 45.00, 'In Stock', 'https://www.foodiesfeed.com/wp-content/uploads/2019/04/black-lemonade-with-a-fresh-lemon-1024x683.jpg', 5, NULL, NULL),
(34, 'แจ๊สเฮ้าลาเต้(ปั่น)', 'Jazz House Latte(Frappe)', 60.00, 'In Stock', 'https://images.unsplash.com/photo-1477588993959-f93989518546?ixlib=rb-1.2.1&auto=format&fit=crop&w=300&h=200&q=80', 6, NULL, NULL),
(35, 'กาแฟไอริช(ปั่น)', 'lrish Coffee(Frappe)', 60.00, 'In Stock', 'https://images.unsplash.com/photo-1458217222755-d1c4985b0852?ixlib=rb-1.2.1&ixid=eyJhcHBfaWQiOjEyMDd9&auto=format&fit=crop&w=300&h=200&q=80', 6, NULL, NULL),
(36, 'เฟรนช์วนิลา(ปั่น)', 'French Vanill(Frappe)', 60.00, 'In Stock', 'https://images.unsplash.com/photo-1524546666497-1c737219eec9?ixlib=rb-1.2.1&ixid=eyJhcHBfaWQiOjEyMDd9&auto=format&fit=crop&w=300&h=200&q=80', 6, NULL, NULL),
(37, 'อัลมอนด์(ปั่น)', 'Almond(Frappe)', 60.00, 'In Stock', 'https://media.istockphoto.com/photos/cozy-breakfast-or-snack-from-pumpkin-spiced-latte-or-coffee-in-glass-picture-id840173918?b=1&k=6&m=840173918&s=170667a&w=0&h=8mTz9fo-PD3KFyPI0kjiAHzdawDr_CN0wPp1fk3xU4o=', 6, NULL, NULL),
(38, 'ทิรามิสุ(ปั่น)', 'Tiramisu(Frappe)', 60.00, 'In Stock', 'https://media.istockphoto.com/photos/homemade-coffee-cocktail-with-whipped-cream-and-liquid-chocolate-picture-id528712408?b=1&k=6&m=528712408&s=170667a&w=0&h=w8aIyNIKcAbli4-p2yF4UcbDU9WY7Lqam_id4Unoo-o=', 6, NULL, NULL),
(39, 'ชาเขียวนม (ร้อน)', 'Green Tea Milk(Hot)', 40.00, 'In Stock', 'https://www.foodiesfeed.com/wp-content/uploads/2015/12/green-tea-matcha-latte-art-349x233.jpg', 5, NULL, NULL),
(40, 'คาราเมลแมคคีเอโต้(ปั่น)', 'Caramel Macchiato(Frappe)', 60.00, 'In Stock', 'https://media.istockphoto.com/photos/caramel-cappuccino-frappe-coffee-picture-id513590204?b=1&k=6&m=513590204&s=170667a&w=0&h=mlCbWG5pw2sSoAkGyCytCpbbn5WSsiqbPRHOGgjohdY=', 6, NULL, NULL),
(41, 'แจ๊สเฮ้าลาเต้(ร้อน)', 'Jazz House Latte(Hot)', 50.00, 'In Stock', 'https://images.unsplash.com/photo-1499721297526-536718e770ba?ixlib=rb-1.2.1&ixid=eyJhcHBfaWQiOjEyMDd9&auto=format&fit=crop&w=1050&q=80', 6, NULL, NULL),
(42, 'เฟรนช์วนิลา(ร้อน)', 'French Vanill(Hot)', 50.00, 'In Stock', 'https://images.unsplash.com/photo-1544281474-bdf3e12f871f?ixlib=rb-1.2.1&ixid=eyJhcHBfaWQiOjEyMDd9&auto=format&fit=crop&w=300&h=200&q=80', 6, NULL, NULL),
(43, 'อัลมอนด์(ร้อน)', 'Almond(Hot)', 50.00, 'In Stock', 'https://images.unsplash.com/photo-1517487881594-2787fef5ebf7?ixlib=rb-1.2.1&ixid=eyJhcHBfaWQiOjEyMDd9&auto=format&fit=crop&w=300&h=200&q=80', 6, NULL, NULL),
(44, 'ทิรามิสุ(ร้อน)', 'Tiramisu(Hot)', 50.00, 'In Stock', 'https://images.unsplash.com/photo-1484805410139-353f84adfc96?ixlib=rb-1.2.1&ixid=eyJhcHBfaWQiOjEyMDd9&auto=format&fit=crop&w=1051&q=80', 6, NULL, NULL),
(45, 'แจ๊สเฮ้าลาเต้(เย็น)', 'Jazz House Latte(Iced)', 55.00, 'In Stock', 'https://images.unsplash.com/photo-1501006094252-8dc90bfd2c3f?ixlib=rb-1.2.1&ixid=eyJhcHBfaWQiOjEyMDd9&auto=format&fit=crop&w=1050&q=80', 6, NULL, NULL),
(46, 'กาแฟไอริช(เย็น)', 'lrish Coffee(Iced)', 55.00, 'In Stock', 'https://images.unsplash.com/photo-1533000759984-0d977d715f1d?ixlib=rb-1.2.1&ixid=eyJhcHBfaWQiOjEyMDd9&auto=format&fit=crop&w=300&h=200&q=80', 6, NULL, NULL),
(47, 'เฟรนช์วนิลา(เย็น)', 'French Vanill(Iced)', 55.00, 'In Stock', 'https://images.unsplash.com/photo-1506189902493-e9052f824c61?ixlib=rb-1.2.1&ixid=eyJhcHBfaWQiOjEyMDd9&auto=format&fit=crop&w=300&h=200&q=80', 6, NULL, NULL),
(48, 'อัลมอนด์(เย็น)', 'Almond(Iced)', 55.00, 'In Stock', 'https://images.unsplash.com/photo-1554331646-6bbab44b043e?ixlib=rb-1.2.1&ixid=eyJhcHBfaWQiOjEyMDd9&auto=format&fit=crop&w=300&h=200&q=80', 6, NULL, NULL),
(49, 'ทิรามิสุ(เย็น)', 'Tiramisu(Iced)', 55.00, 'In Stock', 'https://images.unsplash.com/photo-1520031607889-97ba0c7190ff?ixlib=rb-1.2.1&auto=format&fit=crop&w=300&h=200&q=80', 6, NULL, NULL),
(50, 'คาราเมลแมคคีเอโต้(เย็น)', 'Caramel Macchiato(Iced)', 55.00, 'In Stock', 'https://images.unsplash.com/photo-1471691118458-a88597b4c1f5?ixlib=rb-1.2.1&ixid=eyJhcHBfaWQiOjEyMDd9&auto=format&fit=crop&w=1050&q=80', 6, NULL, NULL),
(51, 'โกโก้(ปั่น)', 'Cocoa(Frappe)', 50.00, 'In Stock', 'https://images.unsplash.com/photo-1528740096961-3798add19cb7?ixlib=rb-1.2.1&ixid=eyJhcHBfaWQiOjEyMDd9&auto=format&fit=crop&w=500&q=60', 7, NULL, NULL),
(52, 'ช็อคโกแลต(ปั่น)', 'Chocolate(Frappe)', 50.00, 'In Stock', 'https://images.unsplash.com/photo-1504388192519-fb4be897c4d0?ixlib=rb-1.2.1&ixid=eyJhcHBfaWQiOjEyMDd9&auto=format&fit=crop&w=300&h=200&q=60', 7, NULL, NULL),
(53, 'โกโก้(ร้อน)', 'Cocoa(Hot)', 35.00, 'In Stock', 'https://images.unsplash.com/photo-1489217085007-bfc28b5c6f36?ixlib=rb-1.2.1&ixid=eyJhcHBfaWQiOjEyMDd9&auto=format&fit=crop&w=500&q=60', 7, NULL, NULL),
(54, 'ช็อคโกแลต(ร้อน)', 'Chocolate(Hot)', 35.00, 'In Stock', 'https://images.unsplash.com/photo-1517578239113-b03992dcdd25?ixlib=rb-1.2.1&ixid=eyJhcHBfaWQiOjEyMDd9&auto=format&fit=crop&w=500&q=60', 7, NULL, NULL),
(55, 'โกโก้(เย็น)', 'Cocoa(Iced)', 40.00, 'In Stock', 'https://images.unsplash.com/photo-1546039907-b1882fbbad15?ixlib=rb-1.2.1&ixid=eyJhcHBfaWQiOjEyMDd9&auto=format&fit=crop&w=300&h=250&q=60', 7, NULL, NULL),
(56, 'ช็อคโกแลต(เย็น)', 'Chocolate(Iced)', 40.00, 'In Stock', 'https://images.unsplash.com/photo-1551106186-277ed858a73f?ixlib=rb-1.2.1&ixid=eyJhcHBfaWQiOjEyMDd9&auto=format&fit=crop&w=500&q=60', 7, NULL, NULL),
(57, 'สตอรเบอร์รี่(ปั่น)', 'Strawberry(Frappe)', 50.00, 'In Stock', 'https://images.unsplash.com/photo-1543661975-42d2b5d61924?ixlib=rb-1.2.1&auto=format&fit=crop&w=500&h=320&q=60', 8, NULL, NULL),
(58, 'บลูเบอร์รี่(ปั่น)', 'Blueberry(Frappe)', 60.00, 'In Stock', 'https://images.unsplash.com/photo-1553530666-6f3b8750f57b?ixlib=rb-1.2.1&ixid=eyJhcHBfaWQiOjEyMDd9&auto=format&fit=crop&w=500&q=60', 8, NULL, NULL),
(59, 'เบอรี่น้ำแดง(ปั่น)', 'Red fruit punch(Frappe)', 45.00, 'In Stock', 'https://images.unsplash.com/photo-1506802913710-40e2e66339c9?ixlib=rb-1.2.1&ixid=eyJhcHBfaWQiOjEyMDd9&auto=format&fit=crop&w=334&h=220&q=80', 9, NULL, NULL),
(60, 'กีวี่(ปั่น)', 'Kiwi(Frappe)', 45.00, 'In Stock', 'https://media.istockphoto.com/photos/freshly-blended-green-fruit-smoothie-in-glass-jar-with-straw-picture-id531477972?b=1&k=6&m=531477972&s=170667a&w=0&h=YJ6NfYgn5GEJh5Xxlf7Pvc1pHwO3i5hC3OLtA5ZC0wA=', 9, NULL, NULL),
(61, 'บลูคารูโซ่(ปั่น)', 'Blue Curacao(Frappe)', 45.00, 'In Stock', 'https://media.istockphoto.com/photos/blue-lemon-soda-frappe-picture-id829133332?b=1&k=6&m=829133332&s=170667a&w=0&h=lBZIFXp4orhPlzTlXVTVKZN9rGIVe6xOsRdyRBX3wzw=', 9, NULL, NULL),
(62, 'เบอรี่น้ำแดง(เย็น)', 'Red fruit punch(Iced)', 35.00, 'In Stock', 'https://images.unsplash.com/photo-1497534446932-c925b458314e?ixlib=rb-1.2.1&auto=format&fit=crop&w=407&h=270&q=80', 9, NULL, NULL),
(63, 'กีวี่(เย็น)', 'Kiwi(Iced)', 35.00, 'In Stock', 'https://images.unsplash.com/photo-1541591425126-4e6dcf84b386?ixlib=rb-1.2.1&ixid=eyJhcHBfaWQiOjEyMDd9&auto=format&fit=crop&w=310&h=200&q=80', 9, NULL, NULL),
(64, 'บลูคารูโซ่(เย็น)', 'Blue Curacao(Iced)', 35.00, 'In Stock', 'https://media.istockphoto.com/photos/blue-mojito-cocktail-picture-id585779180?b=1&k=6&m=585779180&s=170667a&w=0&h=8GNBPGmXe_W9id7w6dzmcxi5VHkTgsd12beFNIXLsHc=', 9, NULL, NULL),
(65, 'ชาเอิลเกรย์(ปั่น)', 'Earl Grey(Frappe)', 50.00, 'In Stock', 'https://www.foodiesfeed.com/wp-content/uploads/2018/12/cozy-atmosphere-with-hot-chocolate-and-biscuits-349x233.jpg', 10, NULL, NULL),
(66, 'ชาดำ(ปั่น)', 'Black Tea(Frappe)', 50.00, 'In Stock', 'https://www.foodiesfeed.com/wp-content/uploads/2019/03/black-coffee-with-coconut-milk-foam-349x233.jpg', 10, NULL, NULL),
(67, 'ชาเขียว(ปั่น)', 'Green Tea(Frappe)', 50.00, 'In Stock', 'https://images.unsplash.com/photo-1545018595-2b7543f361af?ixlib=rb-1.2.1&auto=format&fit=crop&w=300&h=200&q=80', 10, NULL, NULL),
(68, 'ชาเอิลเกรย์(ร้อน)', 'Earl Grey(Hot)', 35.00, 'In Stock', 'https://images.unsplash.com/photo-1523239624357-f8c1dad1bae1?ixlib=rb-1.2.1&ixid=eyJhcHBfaWQiOjEyMDd9&auto=format&fit=crop&w=300&h=200&q=80', 10, NULL, NULL),
(69, 'ชาดำ(ร้อน)', 'Black Tea(Hot)', 35.00, 'In Stock', 'https://images.unsplash.com/photo-1548689324-e11c9f145bc1?ixlib=rb-1.2.1&ixid=eyJhcHBfaWQiOjEyMDd9&auto=format&fit=crop&w=300&h=200&q=80', 10, NULL, NULL),
(70, 'ชาเขียว(ร้อน)', 'Green Tea(Hot)', 35.00, 'In Stock', 'https://images.unsplash.com/photo-1548626995-d16b6a752c97?ixlib=rb-1.2.1&ixid=eyJhcHBfaWQiOjEyMDd9&auto=format&fit=crop&w=300&h=200&q=80', 10, NULL, NULL),
(71, 'ชาเอิลเกรย์(เย็น)', 'Earl Grey(Iced)', 45.00, 'In Stock', 'https://www.foodiesfeed.com/wp-content/uploads/2019/02/having-dark-americano-coffee-outside-349x233.jpg', 10, NULL, NULL),
(72, 'ชาดำ(เย็น)', 'Black Tea(Iced)', 45.00, 'In Stock', 'https://www.foodiesfeed.com/wp-content/uploads/2019/03/iced-black-coffee-349x233.jpg', 10, NULL, NULL),
(73, 'ชาเขียว(เย็น)', 'Green Tea(Iced)', 45.00, 'In Stock', 'https://www.foodiesfeed.com/wp-content/uploads/2017/10/green-smoothie-349x232.jpg', 10, NULL, NULL),
(74, 'เอสเปรสโซ(ปั่น)', 'Espresso(Frappe)', 50.00, 'In Stock', 'https://media.istockphoto.com/photos/iced-chocolate-on-wood-background-picture-id945668102?b=1&k=6&m=945668102&s=170667a&w=0&h=V-Jae83P1DLrgVKC7AvUf7kgOU5NhYhoqPnrVYvOgzY=', 11, NULL, NULL),
(75, 'อเมริกาโน่(ปั่น)', 'Americano(Frappe)', 50.00, 'In Stock', 'https://media.istockphoto.com/photos/iced-coffee-picture-id535459758?b=1&k=6&m=535459758&s=170667a&w=0&h=JxKgLFtftNYxC_n-wECqSSb2D-GTmNpFD0S-rRewA0U=', 11, NULL, NULL),
(76, 'คาปูชิโน่(ปั่น)', 'Cappuccino(Frappe)', 55.00, 'In Stock', 'https://images.unsplash.com/photo-1534449369274-82e4ad08bf35?ixlib=rb-1.2.1&ixid=eyJhcHBfaWQiOjEyMDd9&auto=format&fit=crop&w=300&h=200&q=80', 11, NULL, NULL),
(77, 'ลาเต้(ปั่น)', 'Latte(Frappe)', 55.00, 'In Stock', 'https://media.istockphoto.com/photos/ice-mocha-coffee-on-wooden-table-with-working-man-using-laptop-picture-id1004086594?b=1&k=6&m=1004086594&s=170667a&w=0&h=ISoNeOg8J-5iNr3EPEBO0tIJVCqnZzhMmA6b1GonA5o=', 11, NULL, NULL),
(78, 'มอคค่า(ปั่น)', 'Mocha(Frappe)', 55.00, 'In Stock', 'https://media.istockphoto.com/photos/iced-coffee-picture-id980280776?b=1&k=6&m=980280776&s=170667a&w=0&h=7h6d5xjfhFCoVxwxWW4dwmtHDtnW7GAX_Kx866icxco=', 11, NULL, NULL),
(79, 'เอสเปรสโซ(ร้อน)', 'Espresso(Hot)', 35.00, 'In Stock', 'https://images.unsplash.com/photo-1541750072-95ea63c38b71?ixlib=rb-1.2.1&ixid=eyJhcHBfaWQiOjEyMDd9&auto=format&fit=crop&w=1016&q=80', 11, NULL, NULL),
(80, 'อเมริกาโน่(ร้อน)', 'Americano(Hot)', 40.00, 'In Stock', 'https://images.unsplash.com/photo-1504194472231-5a5294eddc43?ixlib=rb-1.2.1&ixid=eyJhcHBfaWQiOjEyMDd9&auto=format&fit=crop&w=1050&q=80', 11, NULL, NULL),
(81, 'คาปูชิโน่(ร้อน)', 'Cappuccino(Hot)', 40.00, 'In Stock', 'https://images.unsplash.com/photo-1474255710329-379550af928d?ixlib=rb-1.2.1&ixid=eyJhcHBfaWQiOjEyMDd9&auto=format&fit=crop&w=1050&q=80', 11, NULL, NULL),
(82, 'ลาเต้(ร้อน)', 'Latte(Hot)', 45.00, 'In Stock', 'https://images.unsplash.com/photo-1475759697283-38cc56e4455a?ixlib=rb-1.2.1&ixid=eyJhcHBfaWQiOjEyMDd9&auto=format&fit=crop&w=1050&q=80', 11, NULL, NULL),
(83, 'มอคค่า(ร้อน)', 'Mocha(Hot)', 45.00, 'In Stock', 'https://images.unsplash.com/photo-1426174840074-541ae41efdb9?ixlib=rb-1.2.1&ixid=eyJhcHBfaWQiOjEyMDd9&auto=format&fit=crop&w=1055&q=80', 11, NULL, NULL),
(84, 'เอสเปรสโซ(เย็น)', 'Espresso(Iced)', 45.00, 'In Stock', 'https://images.unsplash.com/photo-1517701604599-bb29b565090c?ixlib=rb-1.2.1&auto=format&fit=crop&w=334&h=220&q=80', 11, NULL, NULL),
(85, 'อเมริกาโน่(เย็น)', 'Americano(Iced)', 45.00, 'In Stock', 'https://images.unsplash.com/photo-1484542959923-de288ec85ce1?ixlib=rb-1.2.1&auto=format&fit=crop&w=1051&q=80', 11, NULL, NULL),
(86, 'คาปูชิโน่(เย็น)', 'Cappuccino(Iced)', 50.00, 'In Stock', 'https://images.unsplash.com/photo-1532003955843-63df21692c76?ixlib=rb-1.2.1&auto=format&fit=crop&w=334&h=220&q=80', 11, NULL, NULL),
(87, 'ลาเต้(เย็น)', 'Latte(Iced)', 50.00, 'In Stock', 'https://images.unsplash.com/photo-1461023058943-07fcbe16d735?ixlib=rb-1.2.1&ixid=eyJhcHBfaWQiOjF9&auto=format&fit=crop&w=1050&q=80', 11, NULL, NULL),
(88, 'มอคค่า(เย็น)', 'Mocha(Iced)', 50.00, 'In Stock', 'https://media.istockphoto.com/photos/iced-coffee-picture-id980280776?b=1&k=6&m=980280776&s=170667a&w=0&h=7h6d5xjfhFCoVxwxWW4dwmtHDtnW7GAX_Kx866icxco=', 11, NULL, NULL),
(89, 'นมน้ำผึ้ง(ปั่น)', 'Honey(Frappe)', 50.00, 'In Stock', 'https://images.unsplash.com/photo-1546549095-5d8bc3c37ffa?ixlib=rb-1.2.1&ixid=eyJhcHBfaWQiOjEyMDd9&auto=format&fit=crop&w=500&q=60', 12, NULL, NULL),
(90, 'นมคาราเมล(ปั่น)', 'Caramel(Frappe)', 50.00, 'In Stock', 'https://images.unsplash.com/photo-1514919224949-507c703a3a88?ixlib=rb-1.2.1&auto=format&fit=crop&w=500&q=60', 12, NULL, NULL),
(91, 'นมน้ำผึ้ง(ร้อน)', 'Honey(Hot)', 50.00, 'In Stock', 'https://images.unsplash.com/photo-1551148321-105bb1f3aec6?ixlib=rb-1.2.1&ixid=eyJhcHBfaWQiOjEyMDd9&auto=format&fit=crop&w=500&h=750&q=60', 12, NULL, NULL),
(92, 'นมคาราเมล(ร้อน)', 'Caramel(Hot)', 50.00, 'In Stock', 'https://images.unsplash.com/photo-1542891899-1f2d543031b6?ixlib=rb-1.2.1&ixid=eyJhcHBfaWQiOjEyMDd9&auto=format&fit=crop&w=500&q=60', 12, NULL, NULL),
(93, 'นมน้ำผึ้ง(เย็น)', 'Honey(Iced)', 50.00, 'In Stock', 'https://images.unsplash.com/photo-1542674817-7c03d278561a?ixlib=rb-1.2.1&ixid=eyJhcHBfaWQiOjEyMDd9&auto=format&fit=crop&w=300&h=200&q=80', 12, NULL, NULL),
(94, 'นมคาราเมล(เย็น)', 'Caramel(Iced)', 50.00, 'In Stock', 'https://images.unsplash.com/photo-1549652127-2e5e59e86a7a?ixlib=rb-1.2.1&ixid=eyJhcHBfaWQiOjEyMDd9&auto=format&fit=crop&w=300&h=200&q=60', 12, NULL, NULL),
(95, 'ข้าวกระเพราไก่(กับข้าว)', 'Kra prao chicken(Plate)', 69.00, 'In Stock', 'https://media.istockphoto.com/photos/thai-stirfried-pork-and-basil-pad-kra-prao-picture-id499805664?b=1&k=6&m=499805664&s=170667a&w=0&h=MVMzsld9h8ytxqv176FiZZ_km2exYVdCgjt-wrrmeNg=', 13, NULL, NULL),
(96, 'ข้าวกระเพราหมูสับ(กับข้าว)', 'Kra prao pork(Plate)', 69.00, 'In Stock', 'https://media.istockphoto.com/photos/cooked-minced-pork-stir-fired-with-basil-leaf-its-consisting-with-picture-id827015076?b=1&k=6&m=827015076&s=170667a&w=0&h=xUyvdQiXq9HRIOUshFv9oKC6urJgCJryo_lr6HWMDU4=', 13, NULL, NULL),
(97, 'ข้าวแพนงหมู(กับข้าว)', 'Pork Panang curry(Plate)', 79.00, 'In Stock', 'https://media.istockphoto.com/photos/thai-curry-red-soupthailand-tradition-red-curry-with-beefpork-or-in-picture-id908907390?b=1&k=6&m=908907390&s=170667a&w=0&h=XM4ETXder3MYdgCqWl-uqWelQ-WRL7wx0kmJtu9bvCY=', 13, NULL, NULL),
(98, 'ข้าวแกงเขียวหวานไก่(กับข้าว)', 'Green curry pork(Plate)', 79.00, 'In Stock', 'https://media.istockphoto.com/photos/thai-spicy-green-curry-picture-id1075596066?b=1&k=6&m=1075596066&s=170667a&w=0&h=Ywuaf2kj3st6ibVf5ia2d70QpA4-aFBH_sSwLVsqafg=', 13, NULL, NULL),
(99, 'ข้าวแกงเขียวหวานหมู(กับข้าว)', 'Green curry chicken(Plate)', 79.00, 'In Stock', 'https://media.istockphoto.com/photos/green-curry-with-chicken-picture-id619628284?b=1&k=6&m=619628284&s=170667a&w=0&h=ODmjnSObWvfUFOvVTvtXXFgj0M7tG50kr_5a924oKag=', 13, NULL, NULL),
(100, 'ข้าวหมูเทริยากิ(กับข้าว)', 'Pork teriyaki (Plate)', 79.00, 'In Stock', 'https://media.istockphoto.com/photos/asian-spare-ribs-picture-id527497227?b=1&k=6&m=527497227&s=170667a&w=0&h=g8EcfC6xQBuVMs2xCRJ2t1MyjmMxkRFRgOYKE_RlL8o=', 13, NULL, NULL),
(101, 'ข้าวหมูเกาหลี(กับข้าว)', 'Korean style pork(Plate)', 79.00, 'In Stock', 'https://media.istockphoto.com/photos/galbi-marinated-short-ribs-picture-id899019422?b=1&k=6&m=899019422&s=170667a&w=0&h=8Vjo5PHn32cOGVeedprwTTNP2gTrqmw269kNj6FL61I=', 13, NULL, NULL),
(102, 'ข้าวกระเพราหมูกรอบ(กับข้าว)', 'Kra prao  crispy pork(Plate)', 79.00, 'In Stock', 'https://media.istockphoto.com/photos/basil-crispy-pork-with-rice-picture-id863772380?b=1&k=6&m=863772380&s=170667a&w=0&h=Mrbwrj_IT9ECu61NbAfxg9zZ1P7WSDeuFr02o4sftKg=', 13, NULL, NULL),
(103, 'ข้าวไข่เจียวหมูสับ(กับข้าว)', 'Fried egg with pork two eggs(Plate)', 79.00, 'In Stock', 'https://media.istockphoto.com/photos/omelet-with-bacon-and-tomato-picture-id482132120?b=1&k=6&m=482132120&s=170667a&w=0&h=JRjW_dB6EuIuKkYW6uuSKZUqAlyPJCx-7rNMy_8tLlo=', 13, NULL, NULL),
(104, 'ข้าวคะน้าหมู(กับข้าว)', 'Stir-fried kale with pork(Plate)', 79.00, 'In Stock', 'https://media.istockphoto.com/photos/fried-kale-with-pork-picture-id1126272523?b=1&k=6&m=1126272523&s=170667a&w=0&h=PRR8dUZEjR9sd-y0uNEib_3arOikV1A8ONkykKf7h8Q=', 13, NULL, NULL),
(105, 'ข้าวคะน้าหมูกรอบ(กับข้าว)', 'Stir-fried kale with crispy pork(Plate)', 79.00, 'In Stock', 'https://media.istockphoto.com/photos/crispy-pork-belly-stir-fry-with-chinese-kale-picture-id1134578980?b=1&k=6&m=1134578980&s=170667a&w=0&h=ixgbOjEzBZbSpxa5uGY5L69X_Vtub0HPK7EjaJUOYXo=', 13, NULL, NULL),
(106, 'ข้าวต้มหมู', 'Porridge with pork', 39.00, 'In Stock', 'https://media.istockphoto.com/photos/rice-porridge-topping-minced-pork-and-egg-in-pot-picture-id1097424134?b=1&k=6&m=1097424134&s=170667a&w=0&h=WTFQixiJT7jNmWPgiubhMpv8-GsIwEnoQEERg11YPbU=', 13, NULL, NULL),
(107, 'ข้าวต้มปลาหมึก', 'Porridge with squid', 55.00, 'In Stock', 'https://media.istockphoto.com/photos/rice-congee-mixed-with-shrimp-fish-squid-and-pork-garnish-with-picture-id874454004?b=1&k=6&m=874454004&s=170667a&w=0&h=mhQ6id86neweHAITNLv-T7VuDwbm3JqS7A1pqybxuf8=', 13, NULL, NULL),
(108, 'ข้าวต้มกุ้ง', 'Porridge with shrimp', 55.00, 'In Stock', 'https://media.istockphoto.com/photos/shrimp-porridge-picture-id619235834?b=1&k=6&m=619235834&s=170667a&w=0&h=HvYt_SC23XSDfPJOVxhUm82fDS93X6UW2RpXcyrzowo=', 13, NULL, NULL),
(109, 'มาม่าผัดหมู', 'Stir Mama with pork', 49.00, 'In Stock', 'https://media.istockphoto.com/photos/instant-noodle-spicy-stirfried-with-seafood-picture-id515974604?b=1&k=6&m=515974604&s=170667a&w=0&h=dF2Qy36mZeRvWTQ-FqajCXTQ3VKjmb8TrWuEBksjByE=', 13, NULL, NULL),
(110, 'มาม่าต้มหมูสับ', 'Boiled Mama with minced pork', 49.00, 'In Stock', 'https://media.istockphoto.com/photos/instant-udon-noodle-soup-at-your-desk-picture-id493445616?b=1&k=6&m=493445616&s=170667a&w=0&h=6iXMobUy3pQgPlm8qKFr9tz1Xq0tWQfFPL9qcEwBPfU=', 13, NULL, NULL),
(111, 'ไข่ดาว', 'fried egg', 10.00, 'In Stock', 'https://media.istockphoto.com/photos/fried-egg-picture-id155358881?b=1&k=6&m=155358881&s=170667a&w=0&h=5B4b-983IeSJh7j2HcmZpC3FRZR3UavZ6DvqUDTPHmc=', 13, NULL, NULL),
(112, 'ไข่เจียว', 'fried egg/1 egg', 15.00, 'In Stock', 'https://media.istockphoto.com/photos/omelette-with-cheese-and-spinach-picture-id155373473?b=1&k=6&m=155373473&s=170667a&w=0&h=3imuOsjVR0lx7aDsg_z7ddRf7ZrUeUSrHkqp939mlgQ=', 13, NULL, NULL),
(113, 'ข้าวสวยหอมมะลิ', 'Jasmine Stamed rice /1 dish', 10.00, 'In Stock', 'https://media.istockphoto.com/photos/cooked-rice-picture-id491090528?b=1&k=6&m=491090528&s=170667a&w=0&h=C-Y0HIwBwCqxDYaGcskjqp1IdQ60mpNbeWuu9IkCS1o=', 13, NULL, NULL),
(114, 'ข้าวกระเพราไก่(ราดข้าว)', 'Kra prao chicken(with rice)', 49.00, 'In Stock', 'https://media.istockphoto.com/photos/spice-chicken-rice-picture-id519737784?b=1&k=6&m=519737784&s=170667a&w=0&h=JKDEqlMKCUCAGGtAXAnoIjP-qVFPJZQ7DEgCLSvtKjU=', 13, NULL, NULL),
(115, 'ข้าวกระเพราหมูสับ(ราดข้าว)', 'Kra prao pork(with rice)', 49.00, 'In Stock', 'https://media.istockphoto.com/photos/pad-kaprao-thai-traditional-dish-fried-meat-with-a-basil-sauce-on-a-picture-id681345900?b=1&k=6&m=681345900&s=170667a&w=0&h=IwZBdltsp9OnpaV_TMqFi9LRinT_ZRLzAA-3UyW9e8k=', 13, NULL, NULL),
(116, 'ข้าวแพนงหมู(ราดข้าว)', 'Pork Panang curry(with rice)', 55.00, 'In Stock', 'https://media.istockphoto.com/photos/curry-chicken-on-rice-picture-id861923752?b=1&k=6&m=861923752&s=170667a&w=0&h=gqagBnixUt4VoA9P7YQn4KhzLdfg_pz6JqwVVaiXPgM=', 13, NULL, NULL),
(117, 'ข้าวแกงเขียวหวานไก่(ราดข้าว)', 'Green curry pork(with rice)', 55.00, 'In Stock', 'https://media.istockphoto.com/photos/green-curry-pork-and-fried-pork-with-cooked-rice-picture-id519426340?b=1&k=6&m=519426340&s=170667a&w=0&h=mUTH_7B22z3IlD-IcjnvsNsqhujdA403WGsl_tc5VqM=', 13, NULL, NULL),
(118, 'ข้าวแกงเขียวหวานหมู(ราดข้าว)', 'Green curry chicken(with rice)', 55.00, 'In Stock', 'https://media.istockphoto.com/photos/thai-green-curry-picture-id499481182?b=1&k=6&m=499481182&s=170667a&w=0&h=rpTCQYoYZUHWeHdpDzf93bUT1DX_5Q2LKnZ0XEpC9MU=', 13, NULL, NULL),
(119, 'ข้าวหมูเทริยากิ(ราดข้าว)', 'Pork teriyaki (with rice)', 55.00, 'In Stock', 'https://media.istockphoto.com/photos/grilled-slice-pork-with-charcoal-flame-set-on-rice-bowl-in-japanese-picture-id908654094?b=1&k=6&m=908654094&s=170667a&w=0&h=cBc9lpPdzHjrVxo5YMkCeo78cACtbqV9CVQR2ZzruFE=', 13, NULL, NULL),
(120, 'ข้าวหมูเกาหลี(ราดข้าว)', 'Korean style pork(with rice)', 55.00, 'In Stock', 'https://media.istockphoto.com/photos/pork-grill-on-rice-or-buta-yaki-don-picture-id941822030?b=1&k=6&m=941822030&s=170667a&w=0&h=DWnmyXJFXLesRxa4Q-DEzheMas3bNRpgoHkjmq3PvPM=', 13, NULL, NULL),
(121, 'ข้าวกระเพราหมูกรอบ(ราดข้าว)', 'Kra prao  crispy pork(with rice)', 55.00, 'In Stock', 'https://media.istockphoto.com/photos/stirfried-crispy-pork-picture-id1094354326?b=1&k=6&m=1094354326&s=170667a&w=0&h=kpoTAYvhAi_80XtcsMmYcDpIddOZW8K5uMzm96LS2LU=', 13, NULL, NULL),
(122, 'ข้าวไข่เจียวหมูสับ(ราดข้าว)', 'Fried egg with pork two eggs(with rice)', 50.00, 'In Stock', 'https://images.unsplash.com/photo-1510693206972-df098062cb71?ixlib=rb-1.2.1&ixid=eyJhcHBfaWQiOjEyMDd9&auto=format&fit=crop&w=300&h=200&q=60', 13, NULL, NULL),
(123, 'ข้าวคะน้าหมู(ราดข้าว)', 'Stir-fried kale with pork(with rice)', 55.00, 'In Stock', 'https://media.istockphoto.com/photos/fried-kale-with-pork-picture-id1126272523?b=1&k=6&m=1126272523&s=170667a&w=0&h=PRR8dUZEjR9sd-y0uNEib_3arOikV1A8ONkykKf7h8Q=', 13, NULL, NULL),
(124, 'ข้าวคะน้าหมูกรอบ(ราดข้าว)', 'Stir-fried kale with crispy pork(with rice)', 55.00, 'In Stock', 'https://media.istockphoto.com/photos/fried-chinese-broccoli-with-crispy-pork-picture-id490922878?b=1&k=6&m=490922878&s=170667a&w=0&h=cL8rkt23JDxdce6gtgcEX5WzzJEKlX_5GsJ7fqKZ8gw=', 13, NULL, NULL),
(125, 'สันคอหมูเทอริยากิ ', 'Teriyaki pork steak', 79.00, 'In Stock', 'https://www.foodiesfeed.com/wp-content/uploads/2015/08/barbequed-beef-steak-with-greens-1024x683.jpg', 14, NULL, NULL),
(126, 'สันคอหมูพริกไทยดำ ', 'Black pepper pork steak', 79.00, 'In Stock', 'https://www.foodiesfeed.com/wp-content/uploads/2016/01/beef-steak-with-black-salt-close-up-2-413x274.jpg', 14, NULL, NULL),
(127, 'ไส้กรอกหมูรมควัน', 'Smoked pork sausage', 79.00, 'In Stock', 'https://images.unsplash.com/photo-1552913903-2cffa1962dc7?ixlib=rb-1.2.1&auto=format&fit=crop&w=300&w=200&q=80', 14, NULL, NULL),
(128, 'สเต็กไก่พริกไทยดำ ', 'Black pepper chicken steak', 79.00, 'In Stock', 'https://images.unsplash.com/photo-1485704686097-ed47f7263ca4?ixlib=rb-1.2.1&ixid=eyJhcHBfaWQiOjEyMDd9&auto=format&fit=crop&w=300&h=200&q=80', 14, NULL, NULL),
(129, 'สเต็กไก่สไปซี่ ', 'Spicy chicken steak', 79.00, 'In Stock', 'https://www.foodiesfeed.com/wp-content/uploads/2016/03/chicken-breast-with-spinach-and-potato-gnocchi-1-349x233.jpg', 14, NULL, NULL),
(130, 'พอร์คชอพริกไทยดำคำไวน์แดง  ', 'Black Peper red wine Porkchop', 129.00, 'In Stock', 'https://www.foodiesfeed.com/wp-content/uploads/2018/12/rosemary-lamb-shanks-349x233.jpg', 14, NULL, NULL),
(131, 'พอรคซอพริกน้ำผึ้งมัสตาร์ดซอส ', 'Honey mustard sauce Porkchop Rib', 145.00, 'In Stock', 'https://www.foodiesfeed.com/wp-content/uploads/2015/11/pulled-pork-sandwich-with-cheese-sauce-2-413x275.jpg', 14, NULL, NULL),
(132, 'สเต็กเนี้อสันนอกพริกไทยดำไวน์แดง ', 'Black pepper, red wine Steiploin ', 189.00, 'In Stock', 'https://www.foodiesfeed.com/wp-content/uploads/2019/04/black-lemonade-with-a-fresh-lemon-413x275.jpg', 14, NULL, NULL),
(133, 'สเต็กเนี้อสันแหลมพริกไทยไวน์แดง ', 'Black pepper,red wine Rib Eye', 189.00, 'In Stock', 'https://images.unsplash.com/photo-1546964124-0cce460f38ef?ixlib=rb-1.2.1&ixid=eyJhcHBfaWQiOjEyMDd9&auto=format&fit=crop&w=300&h=200&q=80', 14, NULL, NULL),
(134, 'สเต็กเนื้อทีโบนพริกไทยดำไวน์แดง ', 'Black pepper,red wine T-Bome steak', 250.00, 'In Stock', 'https://www.foodiesfeed.com/wp-content/uploads/2016/06/beef-steak-with-green-salad-close-up-349x233.jpg', 14, NULL, NULL),
(135, 'สเต็กเซ็ตคู่ ทีโบน+สันนอก ', 'Combo T-bone + Striploin', 395.00, 'In Stock', 'https://www.foodiesfeed.com/wp-content/uploads/2018/06/beef-349x233.jpg', 14, NULL, NULL),
(136, 'สเต็กปลาแซลมอลเทริยากิ ', 'Salmon Teriyaki', 189.00, 'In Stock', 'https://www.foodiesfeed.com/wp-content/uploads/2018/06/salmon-349x233.jpg', 14, NULL, NULL),
(137, 'สเต็กปลาซาบะเทริยากิ ', 'Saba Teriyaki', 129.00, 'In Stock', 'https://www.foodiesfeed.com/wp-content/uploads/2017/07/bourbon-glazed-salmon-close-up-349x233.jpg', 14, NULL, NULL),
(138, 'สเต็กทีโบน ', 'T-Bone steak', 250.00, 'In Stock', 'https://www.foodiesfeed.com/wp-content/uploads/2015/05/paleo-beef-steak-with-green-beans-and-spinach-1-349x233.jpg', 14, NULL, NULL),
(139, 'สเต็กเนี้อสัน ', 'Striploin steak', 189.00, 'In Stock', 'https://www.foodiesfeed.com/wp-content/uploads/2016/03/juicy-medium-steak-349x233.jpg', 14, NULL, NULL),
(140, 'สลัด แจสเฮาส์ ', 'Jazz House Salad', 60.00, 'In Stock', 'https://www.foodiesfeed.com/wp-content/uploads/2016/05/green-salad-in-a-wooden-bowl-349x233.jpg', 15, NULL, NULL),
(141, 'สลัด ไก่ ', 'Chicken Salad', 79.00, 'In Stock', 'https://images.unsplash.com/photo-1522251253478-4cae03d93949?ixlib=rb-1.2.1&ixid=eyJhcHBfaWQiOjEyMDd9&auto=format&fit=crop&w=300&h=200&q=80', 15, NULL, NULL),
(142, 'สลัดแฮม ', 'Ham Salad ', 79.00, 'In Stock', 'https://images.unsplash.com/photo-1511357840105-748c95f0a7e7?ixlib=rb-1.2.1&ixid=eyJhcHBfaWQiOjEyMDd9&auto=format&fit=crop&w=300&h=200&q=80', 15, NULL, NULL),
(143, 'สลัดไส้กรอก ', 'Sausage Salad', 79.00, 'In Stock', 'https://www.foodiesfeed.com/wp-content/uploads/2018/08/eating-high-protein-brunch-with-poached-eggs-beans-and-bacon-349x233.jpg', 15, NULL, NULL),
(144, 'สลัดกุ้งทอด ', 'Fried Shrimp Salad', 99.00, 'In Stock', 'https://www.foodiesfeed.com/wp-content/uploads/2015/06/salad-with-shrimps-and-feta-cheese-349x233.jpg', 15, NULL, NULL),
(145, 'สลัดปลาแซลมอลทอด ', 'Fried Salmon Salad', 139.00, 'In Stock', 'https://www.foodiesfeed.com/wp-content/uploads/2018/06/salmon-349x233.jpg', 15, NULL, NULL),
(146, 'สปาเกตตี้ซอสหมู ', 'Spaghetti pork sauce', 65.00, 'In Stock', 'https://www.foodiesfeed.com/wp-content/uploads/2015/06/oyster-sauce-noodles-with-beef-meat-349x233.jpg', 16, NULL, NULL),
(147, 'สปาเกตตี้ซอสไก่ ', 'Spaghetti chicken sauce', 65.00, 'In Stock', 'https://media.istockphoto.com/photos/spaghetti-with-meatballs-in-tomato-sauce-picture-id672162458?b=1&k=6&m=672162458&s=170667a&w=0&h=7oLJAiWz69HrJMIgF7-K6roiEs8gGPv-qq5KaVr5aPU=', 16, NULL, NULL),
(148, 'สปาเกตตี้กระเพราหมู ', 'Spaghetti Krapoa pork', 65.00, 'In Stock', 'https://www.foodiesfeed.com/wp-content/uploads/2016/03/spaghetti-with-meatballs-and-cheese-349x233.jpg', 16, NULL, NULL),
(149, 'สปาเก็ตตี้กระเพราไก่ ', 'Spaghetti Krapoa chicken', 65.00, 'In Stock', 'https://www.foodiesfeed.com/wp-content/uploads/2015/10/street-food-pork-meat-768x512.jpg', 16, NULL, NULL),
(150, 'สปาเกตตี้เบคอนสไปซ์ ', 'Spaghetti Bacon spice', 69.00, 'In Stock', 'https://www.foodiesfeed.com/wp-content/uploads/2015/06/oyster-sauce-noodles-with-beef-meat-1-349x233.jpg', 16, NULL, NULL),
(151, 'สปาเกตตี้คาโบนาร่า ', 'Spaghetti cabonara', 89.00, 'In Stock', 'https://media.istockphoto.com/photos/green-plate-filled-with-pasta-alfredo-picture-id184658752?b=1&k=6&m=184658752&s=170667a&w=0&h=qFGb9gcOJ-B8S5UehZGlU6KzDi-gzGyGUplU11ao7vw=', 16, NULL, NULL),
(152, 'ผัดผักรวมมิตร  ', 'Yum fried eggs', 49.00, 'In Stock', 'https://media.istockphoto.com/photos/steaming-mixed-vegetables-in-the-wok-asian-style-cooking-picture-id588595864?b=1&k=6&m=588595864&s=170667a&w=0&h=qHUIu2fAQAa112alS1ANpyIldkn-lqLqhcpvd4s3Nlw=', 17, NULL, NULL),
(153, 'หน่อไม้ผรั่งผัดกุ้ง ', 'Fried Asparagus with  shrimp', 79.00, 'In Stock', 'https://media.istockphoto.com/photos/stir-fried-asparagus-with-shrimp-picture-id1037884674?b=1&k=6&m=1037884674&s=170667a&w=0&h=bfFhkmFri-2-Hwz3OO0RXKjYrlBevTMVRzEHp-9TvFE=', 17, NULL, NULL),
(154, 'ต้มยำไก่ ', 'Tom yum chicken', 99.00, 'Out Of Stock', 'https://media.istockphoto.com/photos/tom-yum-gai-thai-hot-and-sour-chicken-soup-picture-id1130995013?b=1&k=6&m=1130995013&s=170667a&w=0&h=-7Ji-SHXvIYMNoLJc2qloFGApGpAphX8g1zbbb2KOPw=', 18, NULL, NULL),
(155, 'ต้มยำกุ้ง ', 'Tom yum shrimp', 99.00, 'In Stock', 'https://media.istockphoto.com/photos/tom-yum-goong-nam-kon-thai-soup-with-shrimps-enoki-mushrooms-and-picture-id888273922?b=1&k=6&m=888273922&s=170667a&w=0&h=JSILDn2ykOr45_z06q6RFWnrmufflWxqN--zFxET8KU=', 18, NULL, NULL),
(156, 'ต้มยำปลาหมึก ', 'Tom yum squid', 99.00, 'In Stock', 'https://media.istockphoto.com/photos/thai-cuisine-picture-id182686869?b=1&k=6&m=182686869&s=170667a&w=0&h=CDrMcymXkm7gWGuxQ94uQPik1cu1HyU5MoyDO6kVR90=', 18, NULL, NULL),
(157, 'ต้มยำรวม ', 'Tom yum mix', 99.00, 'In Stock', 'https://media.istockphoto.com/photos/tom-yum-kung-soup-picture-id182728139?b=1&k=6&m=182728139&s=170667a&w=0&h=6GMyVDGDilQtjNJtHRreW1m7cJ4u7MEYG9JOJMlcOis=', 18, NULL, NULL),
(158, 'แกงจืดเต้าหู้หมูสับ', 'Tofu soup', 79.00, 'In Stock', 'https://media.istockphoto.com/photos/japanese-miso-soup-in-a-white-bowl-horizontal-top-view-picture-id479541866?b=1&k=6&m=479541866&s=170667a&w=0&h=B_7NEviuDbhyy_HRNUyjgAJ7c1brbIeZRa0gtFpIKH8=', 18, NULL, NULL),
(159, 'ยำไข่ดาว ', 'Yum fried eggs', 59.00, 'In Stock', 'https://media.istockphoto.com/photos/spicy-salad-with-fried-eggs-picture-id1055087688?b=1&k=6&m=1055087688&s=170667a&w=0&h=DAGjgT5mVSlt86hdXDdld6cLtV1lyMkr8C2AI7wDazE=', 19, NULL, NULL),
(160, 'ยำไส้กรอกปลา ', 'Yum fish sausage', 59.00, 'In Stock', 'https://media.istockphoto.com/photos/seafood-spicy-salad-picture-id687613550?b=1&k=6&m=687613550&s=170667a&w=0&h=v4ibv18f9ih4NCHwh1z6t4olrUAlZov7zEuixcQTrm4=', 19, NULL, NULL),
(161, 'ยำหมูย่าง ', 'Lemon grllled pork', 69.00, 'In Stock', 'https://www.foodiesfeed.com/wp-content/uploads/2016/06/salad-in-a-salad-bar-413x275.jpg', 19, NULL, NULL),
(162, 'ยำวุ้นเส้น', 'Glass Noodle Salad', 69.00, 'In Stock', 'https://media.istockphoto.com/photos/yum-vun-sen-picture-id182433554?b=1&k=6&m=182433554&s=170667a&w=0&h=3-pFy9_GEfMb-3hMhRgycvi9T1AZwnYGjPguhnqTx9k=', 19, NULL, NULL),
(163, 'ยำทูน่า', 'Yum Tuna', 69.00, 'In Stock', 'https://media.istockphoto.com/photos/mackerel-spicy-saladthai-style-food-picture-id543484092?b=1&k=6&m=543484092&s=170667a&w=0&h=ryRQRf-57XkxS_vFF3AHCoAul8mJRt2j28hTmlF7aqY=', 19, NULL, NULL),
(164, 'นักเก็ตไก่ ', 'Chicken nuggets', 60.00, 'In Stock', 'https://media.istockphoto.com/photos/basket-of-chicken-nuggets-with-sweet-and-sour-sauce-picture-id618209540?b=1&k=6&m=618209540&s=170667a&w=0&h=9dyORrKPqGdKfw6gEmImtF8Ol3prpz3tNi5DiRoVUD8=', 20, NULL, NULL),
(165, 'เฟรนช์ฟรายส์ ', 'French fried', 50.00, 'In Stock', 'https://media.istockphoto.com/photos/fresh-fried-french-fries-with-ketchup-on-wooden-background-picture-id497634198?b=1&k=6&m=497634198&s=170667a&w=0&h=_Xkl3nx1bwRf2izyc0Q-saH3t1GuvhPivih-dnEjC8w=', 20, NULL, NULL),
(166, 'ไส้กรอกปลาลวกจิ้ม ', 'Fish sausage', 79.00, 'In Stock', 'https://images.unsplash.com/photo-1551135020-39e4ca508d9b?ixlib=rb-1.2.1&ixid=eyJhcHBfaWQiOjEyMDd9&auto=format&fit=crop&w=1050&q=80', 20, NULL, NULL),
(167, 'มักกะโรนีอบชีส ', 'Baked cheese macaroni', 89.00, 'In Stock', 'https://media.istockphoto.com/photos/mac-and-cheese-american-style-pasta-picture-id871900654?b=1&k=6&m=871900654&s=170667a&w=0&h=cSljWPvMxuIZuuWf_wE3Fbzl_-zCuEH1UiQR2IeNWcU=', 20, NULL, NULL),
(168, 'ผักโขมอบชีส ', 'Baked cheese spinach', 89.00, 'In Stock', 'https://media.istockphoto.com/photos/potato-and-spinach-tortilla-in-a-pan-on-a-light-background-delicious-picture-id690489760?b=1&k=6&m=690489760&s=170667a&w=0&h=h4F8dccauz-SxupFqjQlyzyTr7xgYVhC2eC9WPATssc=', 20, NULL, NULL),
(169, 'ปีกไก่ทอดสมุนไพร ', 'Deep fried chicken wing', 69.00, 'In Stock', 'https://media.istockphoto.com/photos/spicy-deep-fried-breaded-chicken-wings-picture-id583848484?b=1&k=6&m=583848484&s=170667a&w=0&h=BeVLXvQ2Zx_vwXriOH8uqjnajwDpH8SOjnINP_lEfl0=', 20, NULL, NULL),
(170, 'ขนมปังกระเทียม ', 'Garlic bread', 49.00, 'In Stock', 'https://media.istockphoto.com/photos/garlic-bread-picture-id547046390?b=1&k=6&m=547046390&s=170667a&w=0&h=Pp9yImGbxGIFQgHqSAM8Wo8E7pZiSr7XCNIi3q_9_bU=', 20, NULL, NULL),
(171, 'ซุปครีมข้าวโพด', 'Corn cream soup', 59.00, 'In Stock', 'https://media.istockphoto.com/photos/corn-soup-picture-id1125902818?b=1&k=6&m=1125902818&s=170667a&w=0&h=KQB6gfGtNKEzau4wJhJtCL0DMT_yXb-xWbPz1bWlfms=', 21, NULL, NULL),
(172, 'ซุปครีมเห็ด', 'Mushroom cream soup', 59.00, 'In Stock', 'https://media.istockphoto.com/photos/mushroom-soup-picture-id466583781?b=1&k=6&m=466583781&s=170667a&w=0&h=9cKhCRkKn9MwwMHf06-d7hpPzxkGFcxpLmLMbrABKc8=', 21, NULL, NULL),
(173, 'ซีโครงหมูบาร์บีคิว /เต็ม ', 'BBQ Spaer Rib /Full rack', 379.00, 'In Stock', 'https://images.unsplash.com/photo-1508615263227-c5d58c1e5821?ixlib=rb-1.2.1&auto=format&fit=crop&w=300&h=220&q=60', 22, NULL, NULL),
(174, 'ซีโครงหมูบาร์บีคิว / ครึ่ง', 'BBQ Spaer Rib/Half rack', 199.00, 'In Stock', 'https://images.unsplash.com/photo-1529193591184-b1d58069ecdd?ixlib=rb-1.2.1&ixid=eyJhcHBfaWQiOjEyMDd9&auto=format&fit=crop&w=300&h=220&q=60', 22, NULL, NULL),
(175, 'ข้าวไข่ระเบิด', 'Rice with hot and spicy egg', 59.00, 'In Stock', 'https://media.istockphoto.com/photos/homemade-bowls-of-pork-and-broccoli-stir-fry-picture-id916839882?b=1&k=6&m=916839882&s=170667a&w=0&h=ZKwaeUw-MEXRrR2-5Ms4pdma4c0o-c_FADqbz9ey3lc=', 23, NULL, NULL),
(176, 'ข้าวหมูผัดพริกแกง', 'Rice with hot spicy pork', 55.00, 'In Stock', 'https://media.istockphoto.com/photos/balinese-pork-curry-dish-with-jasmine-rice-served-on-banana-leave-picture-id858007936?b=1&k=6&m=858007936&s=170667a&w=0&h=Q0d53cfbwWyvCLVFItUK9MGgrMH20bYJ18fU77aC78Y=', 23, NULL, NULL),
(177, 'เฟรนช์ฟราย อบชีส ', 'Cheese,BBQ ,Paprika,Hot and spicy', 65.00, 'In Stock', 'https://www.foodiesfeed.com/wp-content/uploads/2015/05/fish-and-chips-takeaway-in-husavik-2-349x233.jpg', 23, NULL, NULL),
(178, 'ส้มตำลาว', 'Papaya salad lsan style, som tum loas', 40.00, 'In Stock', 'https://media.istockphoto.com/photos/thai-food-papaya-salad-on-white-dish-picture-id626463004?b=1&k=6&m=626463004&s=170667a&w=0&h=kvTPE7lHp5pOj-UULgG6_pqsFJjbcctP74w1x9qyXKs=', 23, NULL, NULL),
(179, 'ตำแตงไข่ต้ม', 'Cucumber lsan style saka with boiled egg', 60.00, 'In Stock', 'https://media.istockphoto.com/photos/close-up-cucumber-salad-spicy-pickled-on-white-background-write-space-picture-id893413134?b=1&k=6&m=893413134&s=170667a&w=0&h=UkLOS513Awf907-pgSMOLq9hpHzsj9_quxUndM9M6wU=', 23, NULL, NULL),
(180, 'อิ่มจัง (สปาเกตตี้เบคอนสไปซ์,น้ำอัดลม,เฟรนช์ไฟ)', '', 100.00, 'In Stock', 'https://images.unsplash.com/photo-1541544741938-0af808871cc0?ixlib=rb-1.2.1&ixid=eyJhcHBfaWQiOjEyMDd9&auto=format&fit=crop&w=1000&q=60', 24, NULL, NULL),
(181, 'ดูโอ้เบเกอร์รี่ (ฮันนี่โทส,ช็อคโกแลต(ปั่น)', '', 150.00, 'Out Of Stock', 'https://images.unsplash.com/photo-1515948578606-e129bb3f01f4?ixlib=rb-1.2.1&ixid=eyJhcHBfaWQiOjEyMDd9&auto=format&fit=crop&w=300&h=200&q=60', 24, NULL, NULL),
(182, 'ใจใหญ่ (ซีโครงหมูบาร์บีคิว /เต็ม,	น้ำอัดลม)', '', 350.00, 'In Stock', 'https://images.unsplash.com/photo-1432139509613-5c4255815697?ixlib=rb-1.2.1&ixid=eyJhcHBfaWQiOjEyMDd9&auto=format&fit=crop&w=300&h=200&q=60', 24, NULL, NULL),
(183, 'ไก่', 'chicken', 150.00, 'In Stock', 'https://img.wongnai.com/p/1920x0/2012/09/24/cb06ca94c0f3441f9d2d376803beb3c7.jpg', 23, NULL, NULL),
(184, 'ตำบักหุง', 'papaya salad', 50.00, 'In Stock', 'https://images.unsplash.com/photo-1490818387583-1baba5e638af?ixlib=rb-1.2.1&ixid=eyJhcHBfaWQiOjEyMDd9&auto=format&fit=crop&w=500&q=60', 15, NULL, NULL);

-- --------------------------------------------------------

--
-- Table structure for table `menu_product`
--

CREATE TABLE `menu_product` (
  `Menu_Id` int(5) NOT NULL,
  `Menu_Name_Tha` varchar(45) COLLATE utf8_unicode_ci NOT NULL,
  `Menu_Name_Eng` varchar(45) COLLATE utf8_unicode_ci NOT NULL,
  `Menu_Price` int(11) NOT NULL
) ENGINE=InnoDB DEFAULT CHARSET=utf8 COLLATE=utf8_unicode_ci;

-- --------------------------------------------------------

--
-- Table structure for table `orderdetails`
--

CREATE TABLE `orderdetails` (
  `orderAmt` int(10) NOT NULL COMMENT 'จำนวนออร์เดอร์ทั้งหมด จาก cart',
  `menuStatus` varchar(45) COLLATE utf8_unicode_ci DEFAULT NULL COMMENT 'หมดหรือยังมี',
  `menuID` int(5) NOT NULL,
  `oderID` char(5) COLLATE utf8_unicode_ci NOT NULL,
  `order_price` int(50) NOT NULL COMMENT 'ราคารวมสินค้า'
) ENGINE=InnoDB DEFAULT CHARSET=utf8 COLLATE=utf8_unicode_ci;

--
-- Dumping data for table `orderdetails`
--

INSERT INTO `orderdetails` (`orderAmt`, `menuStatus`, `menuID`, `oderID`, `order_price`) VALUES
(1, '', 2, 'OR001', 60),
(1, '', 180, 'OR001', 100),
(1, '', 180, 'OR001', 100),
(1, '', 4, 'OR001', 60),
(8, '', 3, 'OR001', 480),
(1, '', 4, 'OR002', 60),
(1, '', 7, 'OR002', 40),
(1, '', 3, 'OR002', 60),
(1, '', 184, 'OR002', 50),
(3, '', 184, 'OR002', 150);

-- --------------------------------------------------------

--
-- Table structure for table `orders`
--

CREATE TABLE `orders` (
  `orderID` char(5) COLLATE utf8_unicode_ci NOT NULL,
  `orderDate` timestamp NOT NULL DEFAULT CURRENT_TIMESTAMP,
  `tableNo` int(2) DEFAULT NULL,
  `orderStatus` varchar(45) COLLATE utf8_unicode_ci NOT NULL COMMENT 'จ่ายเงินหรือยัง',
  `customerID` int(5) NOT NULL,
  `empID` int(5) NOT NULL,
  `orderType` varchar(45) COLLATE utf8_unicode_ci NOT NULL COMMENT 'กินนี้หรือกลับบ้าน'
) ENGINE=InnoDB DEFAULT CHARSET=utf8 COLLATE=utf8_unicode_ci;

--
-- Dumping data for table `orders`
--

INSERT INTO `orders` (`orderID`, `orderDate`, `tableNo`, `orderStatus`, `customerID`, `empID`, `orderType`) VALUES
('OR001', '2019-04-29 04:04:06', 9, 'status', 8, 4, 'Eat in'),
('OR002', '2019-04-29 04:54:38', 7, 'status', 18, 4, 'eat in');

-- --------------------------------------------------------

--
-- Table structure for table `promotions`
--

CREATE TABLE `promotions` (
  `Promotion_Id` int(5) NOT NULL,
  `Promotion_Name` varchar(100) COLLATE utf8_unicode_ci NOT NULL,
  `Promotion_Price` int(11) NOT NULL,
  `Promotion_Start` date NOT NULL,
  `Promotion_End` date NOT NULL
) ENGINE=InnoDB DEFAULT CHARSET=utf8 COLLATE=utf8_unicode_ci;

--
-- Dumping data for table `promotions`
--

INSERT INTO `promotions` (`Promotion_Id`, `Promotion_Name`, `Promotion_Price`, `Promotion_Start`, `Promotion_End`) VALUES
(1, 'อิ่มจัง (สปาเกตตี้เบคอนสไปซ์,น้ำอัดลม,เฟรนช์ฟ)', 100, '2019-04-01', '2019-04-30'),
(2, 'ดูโอ้เบเกอร์รี่ (ฮันนี่โทส,ช็อคโกแลต(ปั่น) )', 150, '2019-04-14', '2019-04-30'),
(3, 'ใจใหญ่ (ซีโครงหมูบาร์บีคิว /เต็ม,	\r\nน้ำอัดลม)', 350, '2019-04-12', '2019-04-22');

-- --------------------------------------------------------

--
-- Table structure for table `promotion_menu`
--

CREATE TABLE `promotion_menu` (
  `menuID` int(5) NOT NULL,
  `Promotion_Start` date NOT NULL,
  `Promotion_End` date NOT NULL
) ENGINE=InnoDB DEFAULT CHARSET=utf8 COLLATE=utf8_unicode_ci;

--
-- Dumping data for table `promotion_menu`
--

INSERT INTO `promotion_menu` (`menuID`, `Promotion_Start`, `Promotion_End`) VALUES
(180, '2019-04-01', '2019-04-22'),
(181, '2019-04-13', '2019-04-22'),
(182, '2019-04-01', '2019-04-23');

--
-- Indexes for dumped tables
--

--
-- Indexes for table `belongto`
--
ALTER TABLE `belongto`
  ADD KEY `fk_empID` (`empID`),
  ADD KEY `fk_deptID` (`deptID`);

--
-- Indexes for table `bills`
--
ALTER TABLE `bills`
  ADD PRIMARY KEY (`billID`),
  ADD KEY `orderFk` (`OrderID`);

--
-- Indexes for table `cart_new`
--
ALTER TABLE `cart_new`
  ADD PRIMARY KEY (`cus_ID`,`munu_ID`),
  ADD KEY `menuFk` (`munu_ID`);

--
-- Indexes for table `customer`
--
ALTER TABLE `customer`
  ADD PRIMARY KEY (`cusID`),
  ADD UNIQUE KEY `cusUsername` (`cusUsername`);

--
-- Indexes for table `departments`
--
ALTER TABLE `departments`
  ADD PRIMARY KEY (`deptID`);

--
-- Indexes for table `employees`
--
ALTER TABLE `employees`
  ADD PRIMARY KEY (`empID`);

--
-- Indexes for table `menucatalogs`
--
ALTER TABLE `menucatalogs`
  ADD PRIMARY KEY (`menucatalog_id`);

--
-- Indexes for table `menus`
--
ALTER TABLE `menus`
  ADD PRIMARY KEY (`Menu_Id`),
  ADD KEY `fk_catalog` (`Menu_Catalog`),
  ADD KEY `fk_dept` (`Menu_Department`),
  ADD KEY `fk_proMenu` (`Menu_Promotion`);

--
-- Indexes for table `menu_product`
--
ALTER TABLE `menu_product`
  ADD PRIMARY KEY (`Menu_Id`);

--
-- Indexes for table `orderdetails`
--
ALTER TABLE `orderdetails`
  ADD KEY `fk_menu` (`menuID`),
  ADD KEY `fk_order` (`oderID`);

--
-- Indexes for table `orders`
--
ALTER TABLE `orders`
  ADD PRIMARY KEY (`orderID`),
  ADD KEY `fk_customer` (`customerID`),
  ADD KEY `fk_emp` (`empID`);

--
-- Indexes for table `promotions`
--
ALTER TABLE `promotions`
  ADD PRIMARY KEY (`Promotion_Id`);

--
-- Indexes for table `promotion_menu`
--
ALTER TABLE `promotion_menu`
  ADD PRIMARY KEY (`menuID`);

--
-- AUTO_INCREMENT for dumped tables
--

--
-- AUTO_INCREMENT for table `bills`
--
ALTER TABLE `bills`
  MODIFY `billID` int(5) NOT NULL AUTO_INCREMENT, AUTO_INCREMENT=39;

--
-- AUTO_INCREMENT for table `customer`
--
ALTER TABLE `customer`
  MODIFY `cusID` int(5) NOT NULL AUTO_INCREMENT, AUTO_INCREMENT=19;

--
-- AUTO_INCREMENT for table `departments`
--
ALTER TABLE `departments`
  MODIFY `deptID` int(5) NOT NULL AUTO_INCREMENT, AUTO_INCREMENT=5;

--
-- AUTO_INCREMENT for table `employees`
--
ALTER TABLE `employees`
  MODIFY `empID` int(5) NOT NULL AUTO_INCREMENT, AUTO_INCREMENT=11;

--
-- AUTO_INCREMENT for table `menucatalogs`
--
ALTER TABLE `menucatalogs`
  MODIFY `menucatalog_id` int(5) NOT NULL AUTO_INCREMENT, AUTO_INCREMENT=25;

--
-- AUTO_INCREMENT for table `menus`
--
ALTER TABLE `menus`
  MODIFY `Menu_Id` int(5) NOT NULL AUTO_INCREMENT, AUTO_INCREMENT=185;

--
-- AUTO_INCREMENT for table `menu_product`
--
ALTER TABLE `menu_product`
  MODIFY `Menu_Id` int(5) NOT NULL AUTO_INCREMENT;

--
-- AUTO_INCREMENT for table `promotions`
--
ALTER TABLE `promotions`
  MODIFY `Promotion_Id` int(5) NOT NULL AUTO_INCREMENT, AUTO_INCREMENT=4;

--
-- Constraints for dumped tables
--

--
-- Constraints for table `belongto`
--
ALTER TABLE `belongto`
  ADD CONSTRAINT `fk_deptID` FOREIGN KEY (`deptID`) REFERENCES `departments` (`deptID`),
  ADD CONSTRAINT `fk_empID` FOREIGN KEY (`empID`) REFERENCES `employees` (`empID`);

--
-- Constraints for table `bills`
--
ALTER TABLE `bills`
  ADD CONSTRAINT `orderFk` FOREIGN KEY (`OrderID`) REFERENCES `orders` (`orderID`);

--
-- Constraints for table `cart_new`
--
ALTER TABLE `cart_new`
  ADD CONSTRAINT `cusFk` FOREIGN KEY (`cus_ID`) REFERENCES `customer` (`cusID`),
  ADD CONSTRAINT `menuFk` FOREIGN KEY (`munu_ID`) REFERENCES `menus` (`Menu_Id`);

--
-- Constraints for table `menus`
--
ALTER TABLE `menus`
  ADD CONSTRAINT `fk_catalog` FOREIGN KEY (`Menu_Catalog`) REFERENCES `menucatalogs` (`menucatalog_id`),
  ADD CONSTRAINT `fk_dept` FOREIGN KEY (`Menu_Department`) REFERENCES `departments` (`deptID`),
  ADD CONSTRAINT `fk_proMenu` FOREIGN KEY (`Menu_Promotion`) REFERENCES `promotion_menu` (`menuID`);

--
-- Constraints for table `orderdetails`
--
ALTER TABLE `orderdetails`
  ADD CONSTRAINT `fk_menu` FOREIGN KEY (`menuID`) REFERENCES `menus` (`Menu_Id`),
  ADD CONSTRAINT `fk_order` FOREIGN KEY (`oderID`) REFERENCES `orders` (`orderID`);

--
-- Constraints for table `orders`
--
ALTER TABLE `orders`
  ADD CONSTRAINT `fk_customer` FOREIGN KEY (`customerID`) REFERENCES `customer` (`cusID`),
  ADD CONSTRAINT `fk_emp` FOREIGN KEY (`empID`) REFERENCES `employees` (`empID`);

--
-- Constraints for table `promotion_menu`
--
ALTER TABLE `promotion_menu`
  ADD CONSTRAINT `fk_menuID` FOREIGN KEY (`menuID`) REFERENCES `menus` (`Menu_Id`);
COMMIT;

/*!40101 SET CHARACTER_SET_CLIENT=@OLD_CHARACTER_SET_CLIENT */;
/*!40101 SET CHARACTER_SET_RESULTS=@OLD_CHARACTER_SET_RESULTS */;
/*!40101 SET COLLATION_CONNECTION=@OLD_COLLATION_CONNECTION */;
